firstName,lastName,email,phoneNumber,password,confirmPassword
Liam,Anderson,liam.anderson1@mail.com,+491111000001,Password34?,Password34?
Emma,Roberts,emma.roberts2@mail.com,+491111000002,Password34?,Password34?
Noah,Martinez,noah.martinez3@mail.com,+491111000003,Password34?,Password34?
Olivia,Thompson,olivia.thompson4@mail.com,+491111000004,Password34?,Password34?
Elijah,Clark,elijah.clark5@mail.com,+491111000005,Password34?,Password34?
Ava,Lewis,ava.lewis6@mail.com,+491111000006,Password34?,Password34?
William,Walker,william.walker7@mail.com,+491111000007,Password34?,Password34?
Sophia,Hall,sophia.hall8@mail.com,+491111000008,Password34?,Password34?
James,Young,james.young9@mail.com,+491111000009,Password34?,Password34?
Isabella,King,isabella.king10@mail.com,+491111000010,Password34?,Password34?
Benjamin,Wright,benjamin.wright11@mail.com,+491111000011,Password34?,Password34?
Mia,Scott,mia.scott12@mail.com,+491111000012,Password34?,Password34?
Lucas,Green,lucas.green13@mail.com,+491111000013,Password34?,Password34?
Amelia,Baker,amelia.baker14@mail.com,+491111000014,Password34?,Password34?
Henry,Adams,henry.adams15@mail.com,+491111000015,Password34?,Password34?
Harper,Nelson,harper.nelson16@mail.com,+491111000016,Password34?,Password34?
Alexander,Carter,alexander.carter17@mail.com,+491111000017,Password34?,Password34?
Evelyn,Mitchell,evelyn.mitchell18@mail.com,+491111000018,Password34?,Password34?
Michael,Parker,michael.parker19@mail.com,+491111000019,Password34?,Password34?
Ella,Rivera,ella.rivera20@mail.com,+491111000020,Password34?,Password34?
Daniel,Campbell,daniel.campbell21@mail.com,+491111000021,Password34?,Password34?
Charlotte,Garcia,charlotte.garcia22@mail.com,+491111000022,Password34?,Password34?
Matthew,Rogers,matthew.rogers23@mail.com,+491111000023,Password34?,Password34?
Grace,Murphy,grace.murphy24@mail.com,+491111000024,Password34?,Password34?
Jackson,Cooper,jackson.cooper25@mail.com,+491111000025,Password34?,Password34?
Chloe,Reed,chloe.reed26@mail.com,+491111000026,Password34?,Password34?
Sebastian,Bryant,sebastian.bryant27@mail.com,+491111000027,Password34?,Password34?
Hannah,Brooks,hannah.brooks28@mail.com,+491111000028,Password34?,Password34?
David,Peterson,david.peterson29@mail.com,+491111000029,Password34?,Password34?
Lily,Stewart,lily.stewart30@mail.com,+491111000030,Password34?,Password34?
Joseph,Morris,joseph.morris31@mail.com,+491111000031,Password34?,Password34?
Victoria,Rogers,victoria.rogers32@mail.com,+491111000032,Password34?,Password34?
Samuel,Cook,samuel.cook33@mail.com,+491111000033,Password34?,Password34?
Avery,Gray,avery.gray34@mail.com,+491111000034,Password34?,Password34?
Andrew,Ross,andrew.ross35@mail.com,+491111000035,Password34?,Password34?
Scarlett,Foster,scarlett.foster36@mail.com,+491111000036,Password34?,Password34?
Ethan,Jenkins,ethan.jenkins37@mail.com,+491111000037,Password34?,Password34?
Zoey,Perry,zoey.perry38@mail.com,+491111000038,Password34?,Password34?
Jacob,Powell,jacob.powell39@mail.com,+491111000039,Password34?,Password34?
Nora,Long,nora.long40@mail.com,+491111000040,Password34?,Password34?
Logan,Patterson,logan.patterson41@mail.com,+491111000041,Password34?,Password34?
Riley,Hughes,riley.hughes42@mail.com,+491111000042,Password34?,Password34?
Gabriel,Flores,gabriel.flores43@mail.com,+491111000043,Password34?,Password34?
Aria,Washington,aria.washington44@mail.com,+491111000044,Password34?,Password34?
Anthony,Butler,anthony.butler45@mail.com,+491111000045,Password34?,Password34?
Penelope,Simmons,penelope.simmons46@mail.com,+491111000046,Password34?,Password34?
Dylan,Fisher,dylan.fisher47@mail.com,+491111000047,Password34?,Password34?
Layla,Henderson,layla.henderson48@mail.com,+491111000048,Password34?,Password34?
Owen,Ford,owen.ford49@mail.com,+491111000049,Password34?,Password34?
Elizabeth,Graham,elizabeth.graham50@mail.com,+491111000050,Password34?,Password34?
Wyatt,Wallace,wyatt.wallace51@mail.com,+491111000051,Password34?,Password34?
Hazel,Wells,hazel.wells52@mail.com,+491111000052,Password34?,Password34?
Isaac,West,isaac.west53@mail.com,+491111000053,Password34?,Password34?
Aurora,Cole,aurora.cole54@mail.com,+491111000054,Password34?,Password34?
Julian,Hayes,julian.hayes55@mail.com,+491111000055,Password34?,Password34?
Violet,Stone,violet.stone56@mail.com,+491111000056,Password34?,Password34?
Christopher,Grant,christopher.grant57@mail.com,+491111000057,Password34?,Password34?
Savannah,Gibson,savannah.gibson58@mail.com,+491111000058,Password34?,Password34?
Levi,Mendoza,levi.mendoza59@mail.com,+491111000059,Password34?,Password34?
Ellie,Stephens,ellie.stephens60@mail.com,+491111000060,Password34?,Password34?
Mateo,Shaw,mateo.shaw61@mail.com,+491111000061,Password34?,Password34?
Stella,Hansen,stella.hansen62@mail.com,+491111000062,Password34?,Password34?
Jack,Arnold,jack.arnold63@mail.com,+491111000063,Password34?,Password34?
Natalie,Greene,natalie.greene64@mail.com,+491111000064,Password34?,Password34?
Luke,Marshall,luke.marshall65@mail.com,+491111000065,Password34?,Password34?
Addison,Waters,addison.waters66@mail.com,+491111000066,Password34?,Password34?
Grayson,Kennedy,grayson.kennedy67@mail.com,+491111000067,Password34?,Password34?
Zoey,Holland,zoey.holland68@mail.com,+491111000068,Password34?,Password34?
Ryan,Kim,ryan.kim69@mail.com,+491111000069,Password34?,Password34?
Madison,Hunter,madison.hunter70@mail.com,+491111000070,Password34?,Password34?
Charles,Harvey,charles.harvey71@mail.com,+491111000071,Password34?,Password34?
Eleanor,Weaver,eleanor.weaver72@mail.com,+491111000072,Password34?,Password34?
Maverick,Dixon,maverick.dixon73@mail.com,+491111000073,Password34?,Password34?
Paisley,Bishop,paisley.bishop74@mail.com,+491111000074,Password34?,Password34?
Thomas,Neal,thomas.neal75@mail.com,+491111000075,Password34?,Password34?
Aubrey,Curtis,aubrey.curtis76@mail.com,+491111000076,Password34?,Password34?
Caleb,Harrison,caleb.harrison77@mail.com,+491111000077,Password34?,Password34?
Skylar,Chapman,skylar.chapman78@mail.com,+491111000078,Password34?,Password34?
Jonathan,Carpenter,jonathan.carpenter79@mail.com,+491111000079,Password34?,Password34?
Brooklyn,Dean,brooklyn.dean80@mail.com,+491111000080,Password34?,Password34?
Christian,Oliver,christian.oliver81@mail.com,+491111000081,Password34?,Password34?
Audrey,Grant,audrey.grant82@mail.com,+491111000082,Password34?,Password34?
Landon,Fox,landon.fox83@mail.com,+491111000083,Password34?,Password34?
Bella,Harper,bella.harper84@mail.com,+491111000084,Password34?,Password34?
Hudson,Riley,hudson.riley85@mail.com,+491111000085,Password34?,Password34?
Claire,Ruiz,claire.ruiz86@mail.com,+491111000086,Password34?,Password34?
Nathan,Ortiz,nathan.ortiz87@mail.com,+491111000087,Password34?,Password34?
Lucy,Griffin,lucy.griffin88@mail.com,+491111000088,Password34?,Password34?
Connor,Cruz,connor.cruz89@mail.com,+491111000089,Password34?,Password34?
Samantha,Hoffman,samantha.hoffman90@mail.com,+491111000090,Password34?,Password34?
Eli,Black,eli.black91@mail.com,+491111000091,Password34?,Password34?
Leah,Fields,leah.fields92@mail.com,+491111000092,Password34?,Password34?
Hunter,Henry,hunter.henry93@mail.com,+491111000093,Password34?,Password34?
Audrey,Mathis,audrey.mathis94@mail.com,+491111000094,Password34?,Password34?
Cameron,Drake,cameron.drake95@mail.com,+491111000095,Password34?,Password34?
Anna,Boone,anna.boone96@mail.com,+491111000096,Password34?,Password34?
Jayden,Shields,jayden.shields97@mail.com,+491111000097,Password34?,Password34?
Ariana,Pratt,ariana.pratt98@mail.com,+491111000098,Password34?,Password34?
Isaiah,Dean,isaiah.dean99@mail.com,+491111000099,Password34?,Password34?
Maya,Hardy,maya.hardy100@mail.com,+491111000100,Password34?,Password34?
